period,rate_per_kwh
1,0.135791
2,0.286022
3,0.248871

