period,rate_per_kwh
1,0.71598
2,0.38853
3,0.34545
4,0.50219
5,0.37682puget
6,0.33764

