period,rate_per_kwh
1,0.08429
2,0.09811
3,0.32716